Eigenval_mean,Eigenval_std
1,0.155059106009987
0.137864429217005,0.0544579877831037
0.033422633913779,0.0205531653487143
0.0119099289285048,0.00798637010252187
