Eigenval_mean,Eigenval_std
1,0.130440832353045
0.0943145574396164,0.0430422494484032
0.0391333219380347,0.0223266072672561
0.00835050435788553,0.00544913055803535
