Eigenval_mean,Eigenval_std
1,0.131949156780356
0.170452699793482,0.0457917145228396
0.0501125277375279,0.0179101937735362
0.0231879720040028,0.0109200086843167
