Eigenval_mean,Eigenval_std
1,0.119403972322665
0.086543853349774,0.0344343713211872
0.0107278397705938,0.00589491152938816
0.00613753309737752,0.00370871412507355
