Eigenval_mean,Eigenval_std
1,0.151677589593719
0.236027959247766,0.103259667204937
0.0487830983177789,0.0360720267964541
0.0262298174244402,0.0222905645389036
