Eigenval_mean,Eigenval_std
1,0.161842986068921
0.086258451841855,0.026600568292563
0.0247804227019338,0.00912320160604458
0.00862408866057887,0.00497767004247055
