Eigenval_mean,Eigenval_std
1,0.193607222424344
0.213300914466075,0.0920108531376952
0.0875131158513852,0.0539584612523871
0.0419013365789305,0.0301149724810663
