Eigenval_mean,Eigenval_std
1,0.27434566828663
0.394005452913055,0.21315274419702
0.103354319486149,0.0590566848140827
0.0660082001854328,0.0554606835500165
